address,email,first_name,gender,id,last_name,phone
21 Hooker Parkway,vguidini0@rakuten.co.jp,Vinson,Male,b7173ac4-7c27-4158-85fd-5b402e2897d5,Guidini,169-561-7122
47378 Waubesa Junction,kvasyatkin1@aol.com,Karlens,Male,a08ecd53-05fa-4119-b6b2-5fd098ef4864,Vasyatkin,828-999-6922
73993 Springs Circle,ccashell2@cpanel.net,Camellia,Female,29bc0c2f-cfd7-407b-a6e5-47037191a924,Cashell,152-707-8092
3747 Butterfield Street,mdoughill3@phpbb.com,Malvina,Female,70fc07e9-9385-4509-8025-0d993cd9af32,Doughill,979-342-1813
469 Twin Pines Pass,bdantoni4@mozilla.org,Bev,Male,227c0742-9a1c-43f5-b0bb-4f4b902ca0f8,D'Antoni,803-561-0368
83384 Alpine Pass,lupstone5@simplemachines.org,Llywellyn,Male,7f557166-e09f-4939-82a9-4af60313bbfc,Upstone,476-738-3704
0 Hollow Ridge Place,dcottrell6@yolasite.com,Diego,Male,e0e05fee-b25d-416c-8308-2163aaea9475,Cottrell,559-203-4748
43858 Eastwood Pass,cdorward7@geocities.jp,Coralie,Female,38388006-374f-45b1-b0f9-c65e247ff73d,Dorward,431-630-4886
8511 Grasskamp Place,aambroise8@intel.com,Aron,Male,bc7e3b42-2b96-4e62-9069-8117bdf63250,Ambroise,768-486-6576
9537 Warner Trail,gsemonin9@marketwatch.com,Gerrie,Female,3dd4d5d3-d95b-4eee-a6a8-a63b0b5fe230,Semonin,836-638-4803
22621 Gulseth Avenue,vfearnilla@mtv.com,Vitia,Female,1c10177f-dddb-40cb-bfed-1811425cb13c,Fearnill,588-362-6523
05 Schiller Circle,churstb@meetup.com,Cecilius,Polygender,518eb280-f657-48f5-90fe-14ad96f01fa4,Hurst,457-940-1063
03 Everett Avenue,rcromleyc@simplemachines.org,Renata,Female,18be30ab-63f5-433c-9499-1339bab779b4,Cromley,445-170-2326
52 Tomscot Trail,cbaudryd@simplemachines.org,Catharine,Female,8af8824d-fae0-413f-82ec-19b416addad2,Baudry,424-550-1229
6 West Road,tstandagee@vimeo.com,Tomkin,Male,dd958d60-98ea-4e37-a2c5-737cb25ebe47,Standage,899-819-3323
7 Heffernan Point,sstoggellf@smh.com.au,Sacha,Female,66dc14f8-8cc7-4b77-bd73-dddbd4a69002,Stoggell,980-878-2958
02 Scoville Hill,dlangshawg@digg.com,Duncan,Male,c4505a6f-0265-4375-8029-bb0b25902c40,Langshaw,555-582-3072
91 Independence Drive,csleiteh@pinterest.com,Clarette,Female,43801518-834a-4de6-9e14-fe9e6f433240,Sleite,974-283-1714
1583 Rigney Way,emurfilli@jugem.jp,Elfrida,Female,aa637e51-1652-456c-98e6-aa7182ae90c4,Murfill,416-193-0015
670 Larry Pass,acovetj@surveymonkey.com,Alfred,Polygender,184c1d0f-7c9a-42a5-b81d-54bcc96867d0,Covet,570-515-3867
9 Golf View Junction,gsakerk@economist.com,Gayelord,Male,23ee5793-91fc-4f96-8a97-794352627406,Saker,270-213-4321
071 Jackson Point,gbingelll@hubpages.com,Graeme,Agender,7e986772-d32b-4640-8fe0-5992838a53e1,Bingell,534-630-7618
381 Superior Drive,mhaslegravem@cloudflare.com,Marissa,Female,6b4becda-a7ca-4502-bce5-55494c4797ee,Haslegrave,446-542-9524
9257 Sloan Trail,btaign@free.fr,Bjorn,Male,f9438e82-0c57-42f3-a58e-e065880631ac,Taig,406-675-7949
2 Meadow Valley Center,rmussingtono@paypal.com,Rebekkah,Female,147d4612-9ab0-436d-a4c3-7bf9fa4acd1a,Mussington,934-447-3733
46 Nobel Point,bpythonp@quantcast.com,Burnaby,Male,d898ece1-7138-4ed6-908e-1660539d34c0,Python,548-908-7859
90 Bunker Hill Trail,ayitzovitzq@army.mil,Addie123,Male,f86a2264-4ee3-4577-914f-b898a50bb6f2,Yitzovitz,313-604-5875
19 Buhler Center,taveryr@blogger.com,Tania,Female,3896f4df-d2de-4951-a7bf-87911852db35,Avery,560-611-0819
5447 Clove Junction,wtungays@linkedin.com,Winna,Female,289baf9e-ea09-4ce7-b678-304197f4206e,Tungay,453-584-0175
7890 Kedzie Point,gcaffertyt@cisco.com,Gerik,Male,8e88adc8-48b1-4aa9-aee2-154f9a3dae09,Cafferty,696-277-9235
80886 Roth Point,hkohnenu@cmu.edu,Helsa,Female,0e6dfcbd-04b1-43c6-b328-be7222a1d030,Kohnen,192-981-4011
59 Oakridge Road,ataksv@aol.com,Amye,Female,24265204-673f-4012-bbf1-6846e4cce404,Taks,190-345-8205
37387 American Ash Way,dkibardw@europa.eu,Drew,Male,0cbb1dc5-f8b6-481c-8a97-3dfefe45f5e6,Kibard,571-330-5681
562 Hauk Terrace,lridehalghx@reuters.com,Livy,Female,1218cc2a-3454-4da8-9e3f-2d1e1205819f,Ridehalgh,912-838-4827
46347 Jay Trail,sjosty@cyberchimps.com,Shandy,Female,d50de547-3a57-4ef1-ba15-fd1d5e879043,Jost,357-747-6157
966 Veith Circle,agreystockz@liveinternet.ru,Alexandre,Male,73974933-a3f0-4822-a919-0770084bbafb,Greystock,953-885-1018
8 Magdeline Terrace,dtumioto10@google.ca,Derril,Male,3d6b6d8e-49fa-4555-ac91-9847153d15f4,Tumioto,263-928-1312
9677 Del Mar Street,ydawidman11@usa.gov,Yelena,Female,baf7556d-ae7d-4fb1-a65f-7d48f6161c5e,Dawidman,531-797-1289
4 Donald Circle,rmowat12@tinyurl.com,Rock,Male,12545499-0eae-4199-9a11-0f3efee22ef5,Mowat,167-340-0290
0 Londonderry Way,tstigers13@whitehouse.gov,Tana,Female,54cf4737-864b-4f62-bf76-7bb0fed73f4c,Stigers,243-544-9867
24 Waxwing Hill,ldahill14@nifty.com,Lesley,Agender,bee4b1d0-755a-47e2-95cd-174df3a3a9f5,Dahill,737-670-9085
465 Crownhardt Trail,mwillavize15@cnet.com,Mahmud,Male,a6c625c8-7ae7-48ea-abea-de2dfdaa2199,Willavize,514-853-8657
3 Comanche Point,obottoms16@yahoo.co.jp,Orran,Male,477c0230-7574-4ca9-9e4a-93aeaec84b46,Bottoms,207-477-8179
8333 Kensington Drive,bgoldie17@webeden.co.uk,Basil,Male,5b60fdfb-6953-445f-b344-4a11257ef089,Goldie,776-175-0599
9 Scoville Avenue,lheasley18@kickstarter.com,Lyda,Genderqueer,4324ee95-ef59-4ad7-8c1a-420f3dc5b336,Heasley,563-374-0520
468 Maywood Junction,gclemow1a@ted.com,Gabriele,Male,89eba059-c08b-4e14-8f8e-2ed013d3760e,Clemow,271-199-4585
64624 Rusk Parkway,gmildenhall1b@amazon.co.uk,Ginevra,Female,976b040f-cb31-4065-bbf7-125555b4b9e9,Mildenhall,947-726-3417
50 Derek Crossing,awiley1c@ifeng.com,Aileen,Female,bd59a73e-934c-4d4f-8ae3-1ee6ec69a73f,Wiley,814-682-7355
15572 Ridge Oak Crossing,hathow1d@godaddy.com,Harald,Male,4642cd51-6af5-41d1-b5f5-5f67cc1f0882,Athow,374-151-0208
